USE SearchDatabase
GO
DECLARE @Google UNIQUEIDENTIFIER = NEWID()
INSERT INTO dbo.Engine VALUES(@Google,1,GETDATE(),'System','Google')
DECLARE @Msn UNIQUEIDENTIFIER = NEWID()
INSERT INTO dbo.Engine VALUES(@Msn,1,GETDATE(),'System','MSN Search')
DECLARE @Bing UNIQUEIDENTIFIER = NEWID()
INSERT INTO dbo.Engine VALUES(@Bing,1,GETDATE(),'System','Bing')

DECLARE @Net UNIQUEIDENTIFIER = NEWID()
INSERT INTO dbo.ProgramLanguage VALUES(@Net,1,GETDATE(),'System','.net')
DECLARE @Java UNIQUEIDENTIFIER = NEWID()
INSERT INTO dbo.ProgramLanguage VALUES(@Java,1,GETDATE(),'System','java')
DECLARE @Javascript UNIQUEIDENTIFIER = NEWID()
INSERT INTO dbo.ProgramLanguage VALUES(@Javascript,1,GETDATE(),'System','java script')
DECLARE @Python UNIQUEIDENTIFIER = NEWID()
INSERT INTO dbo.ProgramLanguage VALUES(@Python,1,GETDATE(),'System','python')
DECLARE @Typescript UNIQUEIDENTIFIER = NEWID()
INSERT INTO dbo.ProgramLanguage VALUES(@Typescript,1,GETDATE(),'System','type script')
DECLARE @Nodejs UNIQUEIDENTIFIER = NEWID()
INSERT INTO dbo.ProgramLanguage VALUES(@Nodejs,1,GETDATE(),'System','node.js')
DECLARE @Ruby UNIQUEIDENTIFIER = NEWID()
INSERT INTO dbo.ProgramLanguage VALUES(@Ruby,1,GETDATE(),'System','ruby')
DECLARE @Go UNIQUEIDENTIFIER = NEWID()
INSERT INTO dbo.ProgramLanguage VALUES(@Go,1,GETDATE(),'System','go')
DECLARE @Php UNIQUEIDENTIFIER = NEWID()
INSERT INTO dbo.ProgramLanguage VALUES(@Php,1,GETDATE(),'System','php')
DECLARE @R UNIQUEIDENTIFIER = NEWID()
INSERT INTO dbo.ProgramLanguage VALUES(@R,1,GETDATE(),'System','R')
DECLARE @C UNIQUEIDENTIFIER = NEWID()
INSERT INTO dbo.ProgramLanguage VALUES(@C,1,GETDATE(),'System','C')
DECLARE @Cplusplus UNIQUEIDENTIFIER = NEWID()
INSERT INTO dbo.ProgramLanguage VALUES(@Cplusplus,1,GETDATE(),'System','C++')
DECLARE @Cobol UNIQUEIDENTIFIER = NEWID()
INSERT INTO dbo.ProgramLanguage VALUES(@Cobol,1,GETDATE(),'System','cobol')
DECLARE @Pascal UNIQUEIDENTIFIER = NEWID()
INSERT INTO dbo.ProgramLanguage VALUES(@Pascal,1,GETDATE(),'System','pascal')

INSERT INTO dbo.LanguageSearch VALUES(NEWID(),1,GETDATE(),'System',@Google,@Net,44500000)
INSERT INTO dbo.LanguageSearch VALUES(NEWID(),1,GETDATE(),'System',@Google,@Java,11555000)
INSERT INTO dbo.LanguageSearch VALUES(NEWID(),1,GETDATE(),'System',@Google,@Javascript,32700000)
INSERT INTO dbo.LanguageSearch VALUES(NEWID(),1,GETDATE(),'System',@Google,@Python,58600980)
INSERT INTO dbo.LanguageSearch VALUES(NEWID(),1,GETDATE(),'System',@Google,@Typescript,12500600)
INSERT INTO dbo.LanguageSearch VALUES(NEWID(),1,GETDATE(),'System',@Google,@Nodejs,89000350)
INSERT INTO dbo.LanguageSearch VALUES(NEWID(),1,GETDATE(),'System',@Google,@Ruby,55200045)
INSERT INTO dbo.LanguageSearch VALUES(NEWID(),1,GETDATE(),'System',@Google,@Go,55204512)
INSERT INTO dbo.LanguageSearch VALUES(NEWID(),1,GETDATE(),'System',@Google,@Php,36605460)
INSERT INTO dbo.LanguageSearch VALUES(NEWID(),1,GETDATE(),'System',@Google,@R,94200550)
INSERT INTO dbo.LanguageSearch VALUES(NEWID(),1,GETDATE(),'System',@Google,@C,32202201)
INSERT INTO dbo.LanguageSearch VALUES(NEWID(),1,GETDATE(),'System',@Google,@Cplusplus,22500220)
INSERT INTO dbo.LanguageSearch VALUES(NEWID(),1,GETDATE(),'System',@Google,@Cobol,44700036)
INSERT INTO dbo.LanguageSearch VALUES(NEWID(),1,GETDATE(),'System',@Google,@Pascal,77200033)
INSERT INTO dbo.LanguageSearch VALUES(NEWID(),1,GETDATE(),'System',@Msn,@Net,32200000)
INSERT INTO dbo.LanguageSearch VALUES(NEWID(),1,GETDATE(),'System',@Msn,@Java,10655000)
INSERT INTO dbo.LanguageSearch VALUES(NEWID(),1,GETDATE(),'System',@Msn,@Javascript,24500000)
INSERT INTO dbo.LanguageSearch VALUES(NEWID(),1,GETDATE(),'System',@Msn,@Python,33600980)
INSERT INTO dbo.LanguageSearch VALUES(NEWID(),1,GETDATE(),'System',@Msn,@Typescript,16500600)
INSERT INTO dbo.LanguageSearch VALUES(NEWID(),1,GETDATE(),'System',@Msn,@Nodejs,96300350)
INSERT INTO dbo.LanguageSearch VALUES(NEWID(),1,GETDATE(),'System',@Msn,@Ruby,11100045)
INSERT INTO dbo.LanguageSearch VALUES(NEWID(),1,GETDATE(),'System',@Msn,@Go,32204512)
INSERT INTO dbo.LanguageSearch VALUES(NEWID(),1,GETDATE(),'System',@Msn,@Php,18605460)
INSERT INTO dbo.LanguageSearch VALUES(NEWID(),1,GETDATE(),'System',@Msn,@R,36500550)
INSERT INTO dbo.LanguageSearch VALUES(NEWID(),1,GETDATE(),'System',@Msn,@C,45502201)
INSERT INTO dbo.LanguageSearch VALUES(NEWID(),1,GETDATE(),'System',@Msn,@Cplusplus,10300220)
INSERT INTO dbo.LanguageSearch VALUES(NEWID(),1,GETDATE(),'System',@Msn,@Cobol,13300036)
INSERT INTO dbo.LanguageSearch VALUES(NEWID(),1,GETDATE(),'System',@Msn,@Pascal,55600033)
INSERT INTO dbo.LanguageSearch VALUES(NEWID(),1,GETDATE(),'System',@Bing,@Net,13200000)
INSERT INTO dbo.LanguageSearch VALUES(NEWID(),1,GETDATE(),'System',@Bing,@Java,10055000)
INSERT INTO dbo.LanguageSearch VALUES(NEWID(),1,GETDATE(),'System',@Bing,@Javascript,13500000)
INSERT INTO dbo.LanguageSearch VALUES(NEWID(),1,GETDATE(),'System',@Bing,@Python,9900980)
INSERT INTO dbo.LanguageSearch VALUES(NEWID(),1,GETDATE(),'System',@Bing,@Typescript,10000600)
INSERT INTO dbo.LanguageSearch VALUES(NEWID(),1,GETDATE(),'System',@Bing,@Nodejs,12200350)
INSERT INTO dbo.LanguageSearch VALUES(NEWID(),1,GETDATE(),'System',@Bing,@Ruby,10000045)
INSERT INTO dbo.LanguageSearch VALUES(NEWID(),1,GETDATE(),'System',@Bing,@Go,13304512)
INSERT INTO dbo.LanguageSearch VALUES(NEWID(),1,GETDATE(),'System',@Bing,@Php,15405460)
INSERT INTO dbo.LanguageSearch VALUES(NEWID(),1,GETDATE(),'System',@Bing,@R,22300550)
INSERT INTO dbo.LanguageSearch VALUES(NEWID(),1,GETDATE(),'System',@Bing,@C,13602201)
INSERT INTO dbo.LanguageSearch VALUES(NEWID(),1,GETDATE(),'System',@Bing,@Cplusplus,12300220)
INSERT INTO dbo.LanguageSearch VALUES(NEWID(),1,GETDATE(),'System',@Bing,@Cobol,19600036)
INSERT INTO dbo.LanguageSearch VALUES(NEWID(),1,GETDATE(),'System',@Bing,@Pascal,35500033)